<?xml version="1.0" encoding="UTF-8"?>
<project-private xmlns="http://www.netbeans.org/ns/project-private/1">
    <editor-bookmarks xmlns="http://www.netbeans.org/ns/editor-bookmarks/2" lastBookmarkId="0"/>
    <open-files xmlns="http://www.netbeans.org/ns/projectui-open-files/2">
        <group>
            <file>file:/C:/Users/dell/Downloads/Projet_Swing/src/consultationFiliere.java</file>
            <file>file:/C:/Users/dell/Downloads/Projet_Swing/src/saisieEtudiants.java</file>
            <file>file:/C:/Users/dell/Downloads/Projet_Swing/src/authentification.java</file>
            <file>file:/C:/Users/dell/Downloads/Projet_Swing/src/consultationEtudiants.java</file>
            <file>file:/C:/Users/dell/Downloads/Projet_Swing/src/menu.java</file>
            <file>file:/C:/Users/dell/Downloads/Projet_Swing/src/saisieFiliere.java</file>
            <file>file:/C:/Users/dell/Downloads/Projet_Swing/src/inscription.java</file>
        </group>
    </open-files>
</project-private>
